"PRODUCTOS ","CATEGORÍA ","ESTADO ","FECHA ",Ganancia por unidad,"PROVEEDOR ",Precio de Compra,Precio de Venta,Stock Actual,Stock Mínimo
Anillo curvado SKU-NH48/ T6,ANILLO,✅ Disponible1,,"-4,38","Frutería Central ","4,38 US$","0,00 US$",1,0
PULSERA NUDO DORADA SKU-NH44,PULSERA,✅ Disponible1,,"-2,23","Tienda El Encanto ","2,23 US$","0,00 US$",1,0
ANILLO GEOMETRICO OVALADO SKU-83 /8,ANILLO,✅ Disponible1,,"-2,98",,"2,98 US$",,1,
COLLAR CLASICO CASCARON SKU-NH36,COLLAR,✅ Disponible1,,"-2,17",,"2,17 US$",,1,
COLLAR FORMA DE CORAZON SKU-NH446,COLLAR,✅ Disponible2,,"-2,33",,"2,33 US$",,2,
ARETES ROSAS SKU-61,ARETES,✅ Disponible1,,"-3,13",,"3,13 US$",,1,
COLLAR CORAZON COLGANTE SKU-77,COLLAR,✅ Disponible1,,"-2,99",,"2,99 US$",,1,
ANILLO GEOMETRICO ASPIRAL SKU-NH44 /8,ANILLO,✅ Disponible1,,"-3,05",,"3,05 US$",,1,
COLLAR CORZON NUDO DE LAZO SKU-NH38,COLLAR,✅ Disponible1,,"-3,12",,"3,12 US$",,1,
ANILLO DIAMANTE SKU-62 /7 & 8,ANILLO,✅ Disponible2,,"-1,94",,"1,94 US$",,2,
ARETES GEOMETRICOS SKU-63,ARETES,✅ Disponible1,,"-2,72",,"2,72 US$",,1,
ARETES LINEAL  SKU-62,ARETES,✅ Disponible1,,"-2,99",,"2,99 US$",,1,
SET PULSERA BOHEMIO DORADO SKU-20,SET PULSERAS,✅ Disponible2,,"-11,4",,"11,40 US$",,2,
COLLAR LETRA A SKU-NH36,COLLAR,✅ Disponible1,,"-2,5",,"2,50 US$",,1,
ANILLO GEOMETRICO SKU-NH41,ANILLO,✅ Disponible1,,"-1,801",,"1,80 US$",,1,
ANILLO CORAZON SKU-35,ANILLO,✅ Disponible1,,"-0,9",,"0,90 US$",,1,
COLLAR 11.11 SKU-04,COLLAR,✅ Disponible2,,"-1,44",,"1,44 US$",,2,
ARETES RALLADO SKU-89,ARETES,✅ Disponible1,,"-1,62",,"1,62 US$",,1,
COLLAR ROJO CORAZON SKU-10,COLLAR,✅ Disponible1,,"-2,99",,"2,99 US$",,1,
ANILLO DIAMANTE SKU-68 N/6,ANILLO,✅ Disponible1,,"-1,67",,"1,67 US$",,1,
PULSERA SERPIENTE SKU-04,PULSERA,✅ Disponible1,,"-4,19",,"4,19 US$",,1,
ARETES GOTAS GRANDE SKU-85,ARETES,✅ Disponible1,,"-2,16",,"2,16 US$",,1,
PULSERA RELOJ SKU-NH440,PULSERA,✅ Disponible1,,"-2,46",,"2,46 US$",,1,
PULSERA OVALADA SKU22,PULSERA,✅ Disponible2,,"-2,71",,"2,71 US$",,2,
ARETES DIAMANTE SKU-90,ARETES,✅ Disponible1,,"-2,82",,"2,82 US$",,1,
COLLAR PERLA ASIMETRICO SKU-52,COLLAR,✅ Disponible1,,"-2,23",,"2,23 US$",,1,
ANILLO TRIAL ROJO SKU-40,ANILLO,✅ Disponible1,,"-0,9",,"0,90 US$",,1,
ARETES ASPIRAL SKU-61,ARETES,✅ Disponible2,,"-1,16",,"1,16 US$",,2,
ARETES ROSCONES  SKU-68,ARETES,✅ Disponible1,,"-2,82",,"2,82 US$",,1,
ARETES CUADRADOS SKU-88,ARETES,✅ Disponible1,,"-1,62",,"1,62 US$",,1,
ARETES GOTA PEQUEÑO SKU-84,ARETES,✅ Disponible1,,"-1,75",,"1,75 US$",,1,
ARETES DORADOS SKU-87,ARETES,✅ Disponible1,,"-1,44",,"1,44 US$",,1,
ESCLAVA FINA SKU-44,PULSERA,✅ Disponible1,,"-2,53",,"2,53 US$",,1,
ANILLO ROJO PERLA SKU-47,ANILLO,✅ Disponible1,,"-0,9",,"0,90 US$",,1,
COLLAR PERLA SKU-51,COLLAR,✅ Disponible1,,"-2,23",,"2,23 US$",,1,
ANILLO ASIMETRICO SKU86,ANILLO,✅ Disponible1,,"-1,9",,"1,90 US$",,1,
PULSERA TRENDASA SKU-38,PULSERA,✅ Disponible1,,"-1,13",,"1,13 US$",,1,
COLLAR OJO TURCO SKU-40,COLLAR,✅ Disponible1,,"-3,63",,"3,63 US$",,1,
COLLAR FLOR 4 SKU-02,COLLAR,✅ Disponible1,,"-2,3",,"2,30 US$",,1,
COLLAR OJO TURCO BICHOTA  SKU-38,PULSERA,✅ Disponible1,,"-7,72",,"7,72 US$",,1,
PULSERA PANDORA PLATEADA SKU-80,PULSERA,✅ Disponible1,,"-1,69",,"1,69 US$",,1,
PELSERA SENCILLA DELGADA SKU-38,PULSERA,✅ Disponible1,,"-1,13",,"1,13 US$",,1,
ANILLO CIRCULAR SKU-91,ANILLO,✅ Disponible1,,"-2,31",,"2,31 US$",,1,
PULSERS SIMPLE SERPIENTE SKU-39,PULSERA,✅ Disponible1,,"-1,03",,"1,03 US$",,1,
PULSERA DOBLE SKU-43,PULSERA,✅ Disponible1,,"-1,77",,"1,77 US$",,1,
PULSERA ANUDADA  SKU-38,PULSERA,✅ Disponible1,,"-1,13",,"1,13 US$",,1,
PULSERA SERPIENTE SKU-42,PULSERA,✅ Disponible1,,"-1,78",,"1,78 US$",,1,
PULSERA TITANEO DORADA SKU-75,PULSERA,✅ Disponible1,,"-1,87",,"1,87 US$",,1,
PULSERA NUDO SKU-70 PLATEADA,PULSERA,✅ Disponible1,,"-1,98",,"1,98 US$",,1,
PULSERA MOCHINO SKU-19,PULSERA,✅ Disponible1,,"-1,97",,"1,97 US$",,1,
ETUDE BARRIER INTENSIVE CREAM 60ML,SKINCARE,✅ Disponible1,,-20,,"20,00 US$",,1,
107 SCALP  PURIFYING SHAMPOO,CABELLO,✅ Disponible1,,-29,,"29,00 US$",,1,
LOREAL TRUE MATCH LUMI 40ML,MAQUILLAJE,✅ Disponible4,,"-13,59",,"13,59 US$",,4,
KUNDAL KIT SHAMPOO Y TRATAMIENTO 1.218 L,CABELLO,✅ Disponible1,,-35,,"35,00 US$",,1,
PINK LOTUS PDRN HYALURON 30ML,SKINCARE,✅ Disponible1,,"-18,2",,"18,20 US$",,1,
EASYDEW MELATONING AMPOULE 8ML,SKINCARE,✅ Disponible1,,-8,,"8,00 US$",,1,
EASYDEW CUSHION 13G,MAQUILLAJE,✅ Disponible1,,"-27,99",,"27,99 US$",,1,
ELF POWER GRIP PRIMER 15ML,MAQUILLAJE,✅ Disponible1,,-11,,"11,00 US$",,1,
NEUTROGENA MOISTURIZER 50G,SKINCARE,✅ Disponible1,,"-13,99",,"13,99 US$",,1,
FRANKLY PDRN SERUM 30ML,SKINCARE,✅ Disponible1,,-18,,"18,00 US$",,1,
FRANKLY PDRN CREAM 50ML,SKINCARE,✅ Disponible1,,-21,,"21,00 US$",,1,
BY NATURE CITAMIN C + COLLAGEN 60 G,SKINCARE,✅ Disponible1,,"-12,99",,"12,99 US$",,1,
" VT COSMETICS VITAMIN C REEDLE SHOT 8ML",SKINCARE,✅ Disponible1,,-18,,"18,00 US$",,1,
COSRX SERUM THE 6 PEPTIDE SKIN BOOSTER 150ML,SKINCARE,✅ Disponible2,,-20,,"20,00 US$",,2,
NEUTROGENA ACNE EXFOLIANT 30ML,SKINCARE,✅ Disponible1,,"-13,99",,"13,99 US$",,1,
"SKINFOOD RICE SERUM 55ML ",SKINCARE,✅ Disponible1,,"-16,8",,"16,80 US$",,1,
THAYERS MILKY TONER 355ML,SKINCARE,✅ Disponible1,,"-17,99",,"17,99 US$",,1,
REALBARRIEL ESSENCE TONER 200ML,SKINCARE,✅ Disponible1,,-16,,"16,00 US$",,1,
VT COSMETICS REEDLE SHOT EYE CREAM 15 ML,SKINCARE,✅ Disponible1,,-26,,"26,00 US$",,1,
KEYTH PINK CUSHION 15 G,MAQUILLAJE,✅ Disponible1,,-28,,"28,00 US$",,1,
HARUHARU SERUM MIST 50ML,SKINCARE,✅ Disponible3,,-22,,"22,00 US$",,3,
CERAVE CREAM 56ML,SKINCARE,✅ Disponible1,,"-13,34",,"13,34 US$",,1,
"THAYERS PADS ",SKINCARE,✅ Disponible1,,"-6,99",,"6,99 US$",,1,
VT COSMETICS KIT REEDLE SHOT TM100 50ML & 30ML,SKINCARE,✅ Disponible1,,-40,,"40,00 US$",,1,
DINTO BRILLO LABIAL,MAQUILLAJE,✅ Disponible2,,-15,,"15,00 US$",,2,
FITNESKIN MOISTURIZER AVOCADO 50 ML,SKINCARE,✅ Disponible1,,"-19,99",,"19,99 US$",,1,
MAKEUP REMOVAL PAD MORA 30 PADS,MAQUILLAJE,✅ Disponible2,,"-14,99",,"14,99 US$",,2,
"PARNELL CUSHION ",MAQUILLAJE,✅ Disponible2,,-16,,"16,00 US$",,2,
K*SECRET ADVANCES SHOT 15ML,SKINCARE,✅ Disponible1,,-17,,"17,00 US$",,1,
NUMBUZIN VITAMIN C,SKINCARE,✅ Disponible1,,-18,,"18,00 US$",,1,
BY NATURE CREAM CLEANSER 200 G,SKINCARE,✅ Disponible1,,"-8,97",,"8,97 US$",,1,
HARUHARU HYALURONIC TONER BLACK RICE 30ML,SKINCARE,✅ Disponible1,,-13,,"13,00 US$",,1,
NEUTROGENA ACNE CLEANSER 269ML,SKINCARE,✅ Disponible1,,"-13,99",,"13,99 US$",,1,
"BABY COLLAGEN GLOW SERUM MIST ",SKINCARE,✅ Disponible1,,"-29,2",,"29,20 US$",,1,
MCOBEAUTY DROPS 15ML,MAQUILLAJE,✅ Disponible2,,-6,,"6,00 US$",,2,
"TORRIDEN AMPOULE PORE PERFECTING 30ML ",SKINCARE,✅ Disponible2,,-24,,"24,00 US$",,2,
"MUGWORT ESSENCE 160ML ",SKINCARE,✅ Disponible1,,-35,,"35,00 US$",,1,
SKINFIX TRIPLE LIPID PEPTIDE CREAM 50ML,SKINCARE,✅ Disponible1,,-54,,"54,00 US$",,1,
"FITNESKIN TONER AVOCADO 150 ML ",SKINCARE,✅ Disponible1,,"-20,99",,"20,99 US$",,1,
HARUHARU ROSE PDRN SERUM 30ML,SKINCARE,✅ Disponible2,,-22,,"22,00 US$",,2,
COSRC PDRN EXOSOME GLAZE MASK 50ML,SKINCARE,✅ Disponible2,,"-13,6",,"13,60 US$",,2,
MY LIP OIL BERRISOM,MAQUILLAJE,✅ Disponible1,,-10,,"10,00 US$",,1,
BY NATURE FACE SERUM 90 ML,SKINCARE,✅ Disponible1,,"-14,95",,"14,95 US$",,1,
NUMBUZIN LIFTING ESSENCE 9+ 50ML,SKINCARE,✅ Disponible1,,"-24,5",,"24,50 US$",,1,
K-SECRET RETINAL LIPOSOME 2% 30ML,SKINCARE,✅ Disponible2,,-22,,"22,00 US$",,2,
ELF MAKUP CLEANSING BALM 56G,MAQUILLAJE,✅ Disponible1,,"-11,97",,"11,97 US$",,1,
BLUE ERASER SERUM APLICADOR 15ML,SKINCARE,✅ Disponible1,,-33,,"33,00 US$",,1,
HYALURON SKIN ESSENCE HANSKIN 150ML,SKINCARE,✅ Disponible1,,-25,,"25,00 US$",,1,
REALBARRIEL EXTREME CREAM LIGTH 50ML,SKINCARE,✅ Disponible1,,-19,,"19,00 US$",,1,
P.CALM RED RICE MASK 90G,SKINCARE,✅ Disponible3,,"-19,55",,"19,55 US$",,3,
VT COSMETICS PDRN CAPSULE CREAM 100 50ML,SKINCARE,✅ Disponible1,,-20,,"20,00 US$",,1,
"FITNESKIN SERUM AVOCADO  30ML ",SKINCARE,✅ Disponible1,,"-19,99",,"19,99 US$",,1,
VT COSMETICS RETINAL REEDLE SHOT 8ML,SKINCARE,✅ Disponible1,,-20,,"20,00 US$",,1,
LUMIFY GOTAS OJOS,,✅ Disponible1,,-15,,"15,00 US$",,1,
LIP TATTOO TINT BERRISOM,MAQUILLAJE,✅ Disponible2,,-12,,"12,00 US$",,2,
VT COSMETICS PDRN ESSENCE 100 30ML,SKINCARE,✅ Disponible1,,-26,,"26,00 US$",,1,
SOMEBYMI BPDY CLEANSER 400G,SKINCARE,✅ Disponible1,,-20,,"20,00 US$",,1,
BY NATURE FACE OIL 30ML,SKINCARE,✅ Disponible1,,"-12,99",,"12,99 US$",,1,
KERATINA JUMY BEE,CABELLO,✅ Disponible1,,-29,,"29,00 US$",,1,
IUNIK MOISTURE CREAM 60ML,SKINCARE,✅ Disponible1,,-16,,"16,00 US$",,1,
HARUHARU CLEANSING OIL 30ML,SKINCARE,✅ Disponible1,,-8,,"8,00 US$",,1,
FWEE LIP TINT,MAQUILLAJE,✅ Disponible6,,-15,,"15,00 US$",,6,
ETUDE RELIEF TONER 200ML,SKINCARE,✅ Disponible1,,-20,,"20,00 US$",,1,
PERFUME SCENTBIRD MUESTRA,,✅ Disponible1,,-10,,"10,00 US$",,1,
THOME CPR SERUM 30ML,SKINCARE,✅ Disponible1,,"-26,9",,"26,90 US$",,1,
THAYER MILKY TONER355ML,SKINCARE,✅ Disponible1,,-10,,"10,00 US$",,1,
"LIP OIL REVLON ",MAQUILLAJE,✅ Disponible1,,-10,,"10,00 US$",,1,
VT COSMETICS PDRN GLOW AMPOULE 100ML,SKINCARE,✅ Disponible1,,-21,,"21,00 US$",,1,
CARROT CAROTENE PAD 60UNIDADES,SKINCARE,✅ Disponible1,,-17,,"17,00 US$",,1,
BUFF OUT CALLUS  ERASER 80ML,SKINCARE,✅ Disponible1,,"-14,99",,"14,99 US$",,1,
VT COSMETICS  CICA DAILY MASK 30 SHEETS,SKINCARE,✅ Disponible1,,-21,,"21,00 US$",,1,
M:NYO PURE CLEANSING OIL,SKINCARE,✅ Disponible1,,-6,,"6,00 US$",,1,
SWIMMING POOL TONER 300ML,SKINCARE,✅ Disponible1,,-20,,"20,00 US$",,1,
HARUHARU SERUM RETINOL 20ML,SKINCARE,✅ Disponible1,,-22,,"22,00 US$",,1,
HARUHARU CLEANSING GEL 100ML,SKINCARE,✅ Disponible1,,-10,,"10,00 US$",,1,
REALBARRIEL EXTREMA CREAM ORIGINAL 50ML,SKINCARE,✅ Disponible1,,-25,,"25,00 US$",,1,
PDRN 97 GLOW ESSENCE GLOWIEST 100 ML,SKINCARE,✅ Disponible1,,-32,,"32,00 US$",,1,
"NUMBUZIN PADS VITAMIN C 70PADS ",SKINCARE,✅ Disponible1,,"-19,2",,"19,20 US$",,1,
HARUHARU GLOWY BALM 10ML,MAQUILLAJE,✅ Disponible1,,-14,,"14,00 US$",,1,
NEUTROGENA CLEANSISNG MASK,SKINCARE,✅ Disponible1,,"-12,97",,"12,97 US$",,1,
MASCARA PESTAÑAS HEIMISH,MAQUILLAJE,✅ Disponible1,,-12,,"12,00 US$",,1,
HARUHARU BALCK RICE CREAM 50ML,SKINCARE,✅ Disponible2,,-20,,"20,00 US$",,2,
ESPOIR CUSHION 13G,SKINCARE,✅ Disponible1,,-29,,"29,00 US$",,1,
FLAVCITY SACHE PROTEINA,,✅ Disponible6,,-7,,"7,00 US$",,6,
"ABIB EYE CREAM ",SKINCARE,✅ Disponible1,,"-16,41",,"16,41 US$",,1,
LOCCITANE ACEITE DE DUCHA  250ML,SKINCARE,✅ Disponible1,,-23,,"23,00 US$",,1,
"BIOME BARRIER 40G ",SKINCARE,✅ Disponible1,,-21,,"21,00 US$",,1,
ESSENHERB BUBBLE SUERO,SKINCARE,✅ Disponible1,,-27,,"27,00 US$",,1,
COSRX EYE PATCH 60 PADS,SKINCARE,✅ Disponible1,,-19,,"19,00 US$",,1,
CAUDALIE PROTECTOR SOLAR 50ML,SKINCARE,✅ Disponible1,,-39,,"39,00 US$",,1,
,ROPA BEBE,✅ Disponible,,0,,,,,
DR ALTHEA ALMOHADILLAS 250G,SKINCARE,✅ Disponible1,,"-24,3",,"24,30 US$",,1,
MADECA CREAM ZERO80ML,SKINCARE,✅ Disponible1,,"-21,44",,"21,44 US$",,1,
"ABIB KOJIC EYE PATCH ",SKINCARE,✅ Disponible1,,"-19,74",,"19,74 US$",,1,
MEDICUBE EYE PATCH,SKINCARE,✅ Disponible1,,-29,,"29,00 US$",,1,
EYELINER URBAN DECAY,MAQUILLAJE,✅ Disponible1,,"-20,8",,"20,80 US$",,1,
"DERMATOLOGICA BOOSTER ",SKINCARE,✅ Disponible1,,-89,,"89,00 US$",,1,
"RUBOR SAIE ",MAQUILLAJE,✅ Disponible1,,-26,,"26,00 US$",,1,
APRILSKIN CLEARING SOLUTION 20ML,SKINCARE,✅ Disponible1,,"-15,9",,"15,90 US$",,1,
"CELLOLOGY CREAM PACK 2.5G ",SKINCARE,✅ Disponible1,,-27,,"27,00 US$",,1,
"ABIB AIRY SUNSTICK ",SKINCARE,✅ Disponible1,,"-16,4",,"16,40 US$",,1,
"KIT ONDAS SIN CALOR ",CABELLO,✅ Disponible2,,-10,,"10,00 US$",,2,
"SERUM HAIR NATURAL SAM ",CABELLO,✅ Disponible3,,"-9,49",,"9,49 US$",,3,
SHAMPOO WOW 75ML,CABELLO,✅ Disponible1,,-11,,"11,00 US$",,1,
MADAGASCAR CENTELLA TECA AMPOULE 50ML,SKINCARE,✅ Disponible1,,"-16,29",,"16,29 US$",,1,
VT COSMETICS MASCARILLAS*4,SKINCARE,✅ Disponible1,,-13,,"13,00 US$",,1,
ESPATULA APLICAR MASCARILLAS,SKINCARE,✅ Disponible1,,-8,,"8,00 US$",,1,
"LABIAL MAC ",MAQUILLAJE,✅ Disponible1,,-15,,"15,00 US$",,1,
VELVET CODE CREAM BIOME 50ML,SKINCARE,✅ Disponible1,,-36,,"36,00 US$",,1,
ALL CLEAN BALM HEIMISH 120ML,SKINCARE,✅ Disponible1,,"-17,99",,"17,99 US$",,1,
MADAGASCAR CENTELLA TONER 210ML,SKINCARE,✅ Disponible1,,-20,,"20,00 US$",,1,
,ROPA BEBE,✅ Disponible,,0,,,,,
TORRIDEN EYE CREAM 30ML,SKINCARE,✅ Disponible1,,-23,,"23,00 US$",,1,
MEDICUBE EYE CREAM 30ML,SKINCARE,✅ Disponible2,,"-18,9",,"18,90 US$",,2,
CAUDALIE  VINOPERFECT CREAM 50ML,SKINCARE,✅ Disponible1,,-65,,"65,00 US$",,1,
FRAGANCIA PHLUR MATCHA MILK 240ML,CABELLO,✅ Disponible1,,-39,,"39,00 US$",,1,
"MEDICUBE PEEL SHOT ",SKINCARE,✅ Disponible1,,"-18,9",,"18,90 US$",,1,
BIODANCE HYDRO CERA-NOL SERUM 30ML,SKINCARE,✅ Disponible1,,"-21,9",,"21,90 US$",,1,
MEDUCUBE MASCARILLAS COLORES,SKINCARE,✅ Disponible5,,"-19,9",,"19,90 US$",,5,
CAVIAR SKIN SERUM 50ML,SKINCARE,✅ Disponible1,,-32,,"32,00 US$",,1,
INNERB COLLAGEN 50ML,SKINCARE,✅ Disponible1,,-15,,"15,00 US$",,1,
DELERE CAVIAR DEWY CREAM 50ML,SKINCARE,✅ Disponible1,,-35,,"35,00 US$",,1,
K-SECRET EYE CREAM 4% 30ML,SKINCARE,✅ Disponible1,,"-18,9",,"18,90 US$",,1,
TRATAMIENTO CABELLO CER-100,CABELLO,✅ Disponible1,,-20,,"20,00 US$",,1,
"KIT DE BROCHAS PARIS HILTON ",MAQUILLAJE,✅ Disponible1,,-16,,"16,00 US$",,1,
APRILSKIN CLEANSING BALM CARROTENE 90ML,SKINCARE,✅ Disponible1,,"-19,9",,"19,90 US$",,1,
DR PETIT CAPSULE CREAM,SKINCARE,✅ Disponible1,,-15,,"15,00 US$",,1,
ESOMI SKIN BALM 200ML,SKINCARE,✅ Disponible1,,-30,,"30,00 US$",,1,
ABIB RETINAL EYE SERUM ROLLER,SKINCARE,✅ Disponible1,,"-19,2",,"19,20 US$",,1,
COSRX MOISTURIZING CREAM 450ML,SKINCARE,✅ Disponible1,,-20,,"20,00 US$",,1,
LABIAL DONTO,MAQUILLAJE,✅ Disponible2,,-16,,"16,00 US$",,2,
K-SECRET SERUM NIACINAMIDE+ YUJA,SKINCARE,✅ Disponible1,,"-21,89",,"21,89 US$",,1,
K-SECRET BOOSTING BALL 35MG,SKINCARE,✅ Disponible1,,-24,,"24,00 US$",,1,
APRILSKIN REALCALENDULA PEEL 100G,SKINCARE,✅ Disponible1,,"-17,9",,"17,90 US$",,1,
NEUTOGENA RUBOR STICK,MAQUILLAJE,✅ Disponible4,,"-9,97",,"9,97 US$",,4,
"EL ROEL PROTECTOR SOLAR CUSHION ",SKINCARE,✅ Disponible1,,"-24,18",,"24,18 US$",,1,
"PARNELL PARCHES ",SKINCARE,✅ Disponible1,,-15,,"15,00 US$",,1,
ABIB PDRN EYE PATCH,SKINCARE,✅ Disponible2,,"-19,74",,"19,74 US$",,2,
HARUHARU GLOW TRIAL KIT 3UD,SKINCARE,✅ Disponible1,,-20,,"20,00 US$",,1,
"PROTECTOR SOLAR REANHU ",SKINCARE,✅ Disponible1,,-15,,"15,00 US$",,1,
"TINTA LAKA ",MAQUILLAJE,✅ Disponible2,,-15,,"15,00 US$",,2,
"BASE TARTE ",MAQUILLAJE,✅ Disponible1,,"-14,4",,"14,40 US$",,1,
ARENACIA CLEANSING OIL 200ML,SKINCARE,✅ Disponible1,,-18,,"18,00 US$",,1,
GARNIER SERUM ANTI-FRIZZ,CABELLO,✅ Disponible1,,"-6,97",,"6,97 US$",,1,
PRIMER MCOBEAUTY,MAQUILLAJE,✅ Disponible1,,"-6,5",,"6,50 US$",,1,
ESTRACTOR SPECTRA,,✅ Disponible1,,-180,,"180,00 US$",,1,
THE LAB DEEP TONES 200ML,SKINCARE,✅ Disponible1,,-22,,"22,00 US$",,1,
TORRIDEN FIRMING CREAM 60 ML,SKINCARE,✅ Disponible1,,-28,,"28,00 US$",,1,
ACIETE MISSE EN SCENE,CABELLO,✅ Disponible1,,-18,,"18,00 US$",,1,
"DERMACOMPLETE ",SKINCARE,✅ Disponible2,,-15,,"15,00 US$",,2,
BY JUCCY WRAPPING MASK 70ML,SKINCARE,✅ Disponible1,,-22,,"22,00 US$",,1,
MADECA CREAM 50ML,SKINCARE,✅ Disponible1,,-32,,"32,00 US$",,1,
ODELOI CREAM,SKINCARE,✅ Disponible1,,"-19,99",,"19,99 US$",,1,
"REMOVEDOR TINTA LAKA ",MAQUILLAJE,✅ Disponible1,,-15,,"15,00 US$",,1,
,,✅ Disponible,,0,,,,,
"MIXSOON 16ML ",SKINCARE,✅ Disponible1,,"-16,5",,"16,50 US$",,1,
"MASCARILLA MISE EN SCENE ",CABELLO,✅ Disponible3,,-20,,"20,00 US$",,3,
"NEUTROGENA LIP OIL ",MAQUILLAJE,✅ Disponible4,,"-8,97",,"8,97 US$",,4,
MEDICUBE PAD KOJIC ACID 160ML,SKINCARE,✅ Disponible1,,"-18,9",,"18,90 US$",,1,
"ELF BRONZING DROPS 30ML ",MAQUILLAJE,✅ Disponible1,,"-12,99",,"12,99 US$",,1,
FIJADOR DE MAQUILLJE URBAN DECAY,MAQUILLAJE,✅ Disponible1,,-18,,"18,00 US$",,1,
"PESTAÑINA ESPOIR ",MAQUILLAJE,✅ Disponible1,,-17,,"17,00 US$",,1,
MADAGASCAR CENTELLA TECA CREAM 75ML,SKINCARE,✅ Disponible1,,-25,,"25,00 US$",,1,
"ARENCIA LIAMPIADOR MOCHI ",SKINCARE,✅ Disponible1,,-16,,"16,00 US$",,1,
DALBA CAPSULE CREAM 55G,SKINCARE,✅ Disponible1,,"-22,4",,"22,40 US$",,1,
"SHAMPOO KIT CERAVE ",CABELLO,✅ Disponible1,,-18,,"18,00 US$",,1,
MASCARILLAS MEDICUBE AMARILLA *4,SKINCARE,✅ Disponible4,,"-9,99",,"9,99 US$",,4,
"PESTAÑINA URBAN DECAY ",MAQUILLAJE,✅ Disponible1,,-12,,"12,00 US$",,1,
BYUR SERUM 30G,SKINCARE,✅ Disponible1,,"-24,99",,"24,99 US$",,1,
CERAVE MOISTURIZING CREAM 340G,SKINCARE,✅ Disponible1,,-20,,"20,00 US$",,1,
ARENCIA VITAMINC BOOSTER SHOT 30ML,SKINCARE,✅ Disponible1,,-24,,"24,00 US$",,1,
SHAMPOO HERBAL,CABELLO,✅ Disponible1,,-12,,"12,00 US$",,1,
BY JUCCY AMPOULE VINOBERRY 30ML,SKINCARE,✅ Disponible1,,"-22,99",,"22,99 US$",,1,
MASCARILLA ROSADA MEDICUBE,SKINCARE,✅ Disponible3,,"-9,99",,"9,99 US$",,3,
MIXSOON 100ML,SKINCARE,✅ Disponible1,,"-18,36",,"18,36 US$",,1,
MASCARILLA NATURAL SAM,CABELLO,✅ Disponible2,,"-22,49",,"22,49 US$",,2,
"CAVIAR MIST ",SKINCARE,✅ Disponible1,,-30,,"30,00 US$",,1,
"ABIB COLLAGEN EYE PATCH ",SKINCARE,✅ Disponible2,,"-19,74",,"19,74 US$",,2,
"CURE INTENSIVE CREAM ",,✅ Disponible1,,"-24,99",,"24,99 US$",,1,
APRILSKIN SERUM TONING SHOT 99% 30ML,SKINCARE,✅ Disponible1,,"-18,9",,"18,90 US$",,1,
THE CREME BODY LOTION 340ML,SKINCARE,✅ Disponible1,,-20,,"20,00 US$",,1,
"VT COSMETICS AMPOULE HAIR ",CABELLO,✅ Disponible2,,-16,,"16,00 US$",,2,
"MEDICUBE JELLY CREAM 50ML ",SKINCARE,✅ Disponible1,,-15,,"15,00 US$",,1,
,,✅ Disponible,,0,,,,,
,,✅ Disponible,,0,,,,,